{
    "site": "0021-03",
    "wireless_client_data": [
        {
            "ap_mac": "d0:21:f9:f0:3c:f8",
            "oui": "Espressif Inc.",
            "last_ip": "172.22.1.29",
            "first_seen": 1726860065,
            "last_seen": 1741127899,
            "disconnect_timestamp": 1741032651,
            "last_uplink_mac": "d0:21:f9:f0:3c:f8",
            "last_uplink_name": "WAP-Parking",
            "mac": "e8:9f:6d:6d:9d:04",
            "hostname": "1111118155",
            "_uptime_by_uap": 95230,
            "_last_seen_by_uap": 1741127899,
            "ip": "172.22.1.29",
            "channel": 6,
            "essid": "POWERFLEX-DMZ",
            "noise": -97,
            "nss": 1,
            "rx_rate": 72200,
            "rssi": 40,
            "signal": -56,
            "tx_mcs": -1,
            "tx_power": 44,
            "tx_rate": 72200,
            "tx_retry_burst_count": 8,
            "uptime": 95230,
            "tx_bytes": 6617625,
            "rx_bytes": 5034397,
            "tx_packets": 62952,
            "rx_packets": 59087,
            "bytes-r": 113.46046917031092,
            "tx_bytes-r": 65.34120794073004,
            "rx_bytes-r": 48.119261229580864,
            "tx_retries": 5372,
            "wifi_tx_attempts": 68352,
            "wifi_tx_dropped": 0,
            "wifi_tx_retries_percentage": 2.2
        },
        {
            "ap_mac": "d0:21:f9:f0:3c:f8",
            "oui": "Espressif Inc.",
            "last_ip": "172.22.1.40",
            "first_seen": 1722906305,
            "last_seen": 1741127899,
            "disconnect_timestamp": 1740585021,
            "last_uplink_mac": "d0:21:f9:f0:3c:f8",
            "last_uplink_name": "WAP-Parking",
            "mac": "e8:9f:6d:b0:59:20",
            "hostname": "1111117235",
            "_uptime_by_uap": 1235429,
            "_last_seen_by_uap": 1741127899,
            "ip": "172.22.1.40",
            "channel": 6,
            "essid": "POWERFLEX-DMZ",
            "noise": -97,
            "nss": 1,
            "rx_rate": 72200,
            "rssi": 41,
            "signal": -55,
            "tx_mcs": -1,
            "tx_power": 44,
            "tx_rate": 72200,
            "tx_retry_burst_count": 1485,
            "uptime": 1235429,
            "tx_bytes": 25558358,
            "rx_bytes": 18312472,
            "tx_packets": 246359,
            "rx_packets": 229285,
            "bytes-r": 94.87098567843348,
            "tx_bytes-r": 56.459732804352065,
            "rx_bytes-r": 38.41125287408142,
            "tx_retries": 19137,
            "wifi_tx_attempts": 265619,
            "wifi_tx_dropped": 0,
            "wifi_tx_retries_percentage": 7.0
        },
        {
            "ap_mac": "d0:21:f9:f0:3c:f8",
            "oui": "Espressif Inc.",
            "last_ip": "172.22.1.36",
            "first_seen": 1722895642,
            "last_seen": 1741127899,
            "disconnect_timestamp": 1740585022,
            "last_uplink_mac": "d0:21:f9:f0:3c:f8",
            "last_uplink_name": "WAP-Parking",
            "mac": "8c:4b:14:34:a6:80",
            "hostname": "1111118441",
            "_uptime_by_uap": 1752597,
            "_last_seen_by_uap": 1741127899,
            "ip": "172.22.1.36",
            "channel": 6,
            "essid": "POWERFLEX-DMZ",
            "noise": -97,
            "nss": 1,
            "rx_rate": 58500,
            "rssi": 30,
            "signal": -66,
            "tx_mcs": -1,
            "tx_power": 44,
            "tx_rate": 43300,
            "tx_retry_burst_count": 627,
            "uptime": 1752597,
            "tx_bytes": 25723874,
            "rx_bytes": 18810835,
            "tx_packets": 246829,
            "rx_packets": 230785,
            "bytes-r": 94.7808184181657,
            "tx_bytes-r": 55.5580602016741,
            "rx_bytes-r": 39.22275821649159,
            "tx_retries": 133819,
            "wifi_tx_attempts": 380764,
            "wifi_tx_dropped": 0,
            "wifi_tx_retries_percentage": 30.6
        },
        {
            "ap_mac": "d0:21:f9:f0:3c:f8",
            "oui": "Espressif Inc.",
            "last_ip": "172.22.1.31",
            "first_seen": 1724927681,
            "last_seen": 1741127899,
            "disconnect_timestamp": 1741032650,
            "last_uplink_mac": "d0:21:f9:f0:3c:f8",
            "last_uplink_name": "WAP-Parking",
            "mac": "34:94:54:19:b5:b8",
            "hostname": "1111118006",
            "_uptime_by_uap": 95231,
            "_last_seen_by_uap": 1741127899,
            "ip": "172.22.1.31",
            "channel": 6,
            "essid": "POWERFLEX-DMZ",
            "noise": -97,
            "nss": 1,
            "rx_rate": 72200,
            "rssi": 37,
            "signal": -59,
            "tx_mcs": -1,
            "tx_power": 44,
            "tx_rate": 72200,
            "tx_retry_burst_count": 48,
            "uptime": 95231,
            "tx_bytes": 6393487,
            "rx_bytes": 4787460,
            "tx_packets": 62083,
            "rx_packets": 58100,
            "bytes-r": 120.92932389582674,
            "tx_bytes-r": 69.3987346527809,
            "rx_bytes-r": 51.530589243045846,
            "tx_retries": 7548,
            "wifi_tx_attempts": 69661,
            "wifi_tx_dropped": 0,
            "wifi_tx_retries_percentage": 7.7
        },
        {
            "ap_mac": "d0:21:f9:f0:3c:f8",
            "oui": "Espressif Inc.",
            "last_ip": "172.22.1.34",
            "first_seen": 1723195444,
            "last_seen": 1741127899,
            "disconnect_timestamp": 1740585022,
            "last_uplink_mac": "d0:21:f9:f0:3c:f8",
            "last_uplink_name": "WAP-Parking",
            "mac": "e8:9f:6d:b2:7f:84",
            "hostname": "1111118114",
            "_uptime_by_uap": 1614156,
            "_last_seen_by_uap": 1741127899,
            "ip": "172.22.1.34",
            "channel": 6,
            "essid": "POWERFLEX-DMZ",
            "noise": -97,
            "nss": 1,
            "rx_rate": 39000,
            "rssi": 25,
            "signal": -71,
            "tx_mcs": -1,
            "tx_power": 44,
            "tx_rate": 28900,
            "tx_retry_burst_count": 37,
            "uptime": 1614156,
            "tx_bytes": 25878991,
            "rx_bytes": 19054427,
            "tx_packets": 247364,
            "rx_packets": 231555,
            "bytes-r": 99.16895841786513,
            "tx_bytes-r": 58.172910749440206,
            "rx_bytes-r": 40.99604766842492,
            "tx_retries": 150067,
            "wifi_tx_attempts": 397550,
            "wifi_tx_dropped": 0,
            "wifi_tx_retries_percentage": 31.6
        },
        {
            "ap_mac": "d0:21:f9:f0:3c:f8",
            "oui": "Espressif Inc.",
            "last_ip": "172.22.1.42",
            "first_seen": 1737063425,
            "last_seen": 1741127899,
            "disconnect_timestamp": 1740585022,
            "last_uplink_mac": "d0:21:f9:f0:3c:f8",
            "last_uplink_name": "WAP-Parking",
            "mac": "40:91:51:3a:df:e4",
            "hostname": "1111118044",
            "_uptime_by_uap": 1527170,
            "_last_seen_by_uap": 1741127899,
            "ip": "172.22.1.42",
            "channel": 6,
            "essid": "POWERFLEX-DMZ",
            "noise": -97,
            "nss": 1,
            "rx_rate": 39000,
            "rssi": 22,
            "signal": -74,
            "tx_mcs": -1,
            "tx_power": 44,
            "tx_rate": 1000,
            "tx_retry_burst_count": 1,
            "uptime": 1527170,
            "tx_bytes": 9120,
            "rx_bytes": 312683,
            "tx_packets": 58,
            "rx_packets": 7097,
            "bytes-r": 0.6311708218745773,
            "tx_bytes-r": 0.0,
            "rx_bytes-r": 0.6311708218745773,
            "tx_retries": 30,
            "wifi_tx_attempts": 207,
            "wifi_tx_dropped": 0,