{
    "site": "0021-03",
    "wireless_client_data": [
        {
            "ap_mac": "d0:21:f9:f0:3c:f8",
            "oui": "Espressif Inc.",
            "last_ip": "172.22.1.29",
            "first_seen": 1726860065,
            "last_seen": 1741116394,
            "disconnect_timestamp": 1741032651,
            "last_uplink_mac": "d0:21:f9:f0:3c:f8",
            "mac": "e8:9f:6d:6d:9d:04",
            "hostname": "1111118155",
            "_uptime_by_uap": 83725,
            "_last_seen_by_uap": 1741116394,
            "ip": "172.22.1.29",
            "channel": 6,
            "essid": "POWERFLEX-DMZ",
            "noise": -97,
            "nss": 1,
            "rx_rate": 72200,
            "rssi": 41,
            "signal": -55,
            "tx_mcs": -1,
            "tx_power": 44,
            "tx_rate": 72200,
            "tx_retry_burst_count": 8,
            "uptime": 83725,
            "tx_bytes": 5844789,
            "rx_bytes": 4458283,
            "tx_packets": 55443,
            "rx_packets": 52064,
            "bytes-r": 109.98927099215088,
            "tx_bytes-r": 60.87300242814388,
            "rx_bytes-r": 49.116268564007,
            "tx_retries": 5060,
            "wifi_tx_attempts": 60529,
            "wifi_tx_dropped": 0,
            "wifi_tx_retries_percentage": 10.4
        },
        {
            "ap_mac": "d0:21:f9:f0:3c:f8",
            "oui": "Espressif Inc.",
            "last_ip": "172.22.1.40",
            "first_seen": 1722906305,
            "last_seen": 1741116394,
            "disconnect_timestamp": 1740585021,
            "last_uplink_mac": "d0:21:f9:f0:3c:f8",
            "mac": "e8:9f:6d:b0:59:20",
            "hostname": "1111117235",
            "_uptime_by_uap": 1223923,
            "_last_seen_by_uap": 1741116394,
            "ip": "172.22.1.40",
            "channel": 6,
            "essid": "POWERFLEX-DMZ",
            "noise": -97,
            "nss": 1,
            "rx_rate": 72200,
            "rssi": 45,
            "signal": -51,
            "tx_mcs": -1,
            "tx_power": 44,
            "tx_rate": 72200,
            "tx_retry_burst_count": 1485,
            "uptime": 1223924,
            "tx_bytes": 24862827,
            "rx_bytes": 17818874,
            "tx_packets": 239679,
            "rx_packets": 223057,
            "bytes-r": 103.54057259020837,
            "tx_bytes-r": 60.19538087977864,
            "rx_bytes-r": 43.345191710429724,
            "tx_retries": 18900,
            "wifi_tx_attempts": 258696,
            "wifi_tx_dropped": 0,
            "wifi_tx_retries_percentage": 8.3
        },
        {
            "ap_mac": "d0:21:f9:f0:3c:f8",
            "oui": "Espressif Inc.",
            "last_ip": "172.22.1.36",
            "first_seen": 1722895642,
            "last_seen": 1741116394,
            "disconnect_timestamp": 1740585022,
            "last_uplink_mac": "d0:21:f9:f0:3c:f8",
            "mac": "8c:4b:14:34:a6:80",
            "hostname": "1111118441",
            "_uptime_by_uap": 1741091,
            "_last_seen_by_uap": 1741116394,
            "ip": "172.22.1.36",
            "channel": 6,
            "essid": "POWERFLEX-DMZ",
            "noise": -97,
            "nss": 1,
            "rx_rate": 52000,
            "rssi": 28,
            "signal": -68,
            "tx_mcs": -1,
            "tx_power": 44,
            "tx_rate": 57800,
            "tx_retry_burst_count": 627,
            "uptime": 1741092,
            "tx_bytes": 25030508,
            "rx_bytes": 18315371,
            "tx_packets": 240164,
            "rx_packets": 224525,
            "bytes-r": 100.43480716020103,
            "tx_bytes-r": 58.44485854650178,
            "rx_bytes-r": 41.98994861369925,
            "tx_retries": 130373,
            "wifi_tx_attempts": 370652,
            "wifi_tx_dropped": 0,
            "wifi_tx_retries_percentage": 30.5
        },
        {
            "ap_mac": "d0:21:f9:f0:3c:f8",
            "oui": "Espressif Inc.",
            "last_ip": "172.22.1.31",
            "first_seen": 1724927681,
            "last_seen": 1741116394,
            "disconnect_timestamp": 1741032650,
            "last_uplink_mac": "d0:21:f9:f0:3c:f8",
            "mac": "34:94:54:19:b5:b8",
            "hostname": "1111118006",
            "_uptime_by_uap": 83726,
            "_last_seen_by_uap": 1741116394,
            "ip": "172.22.1.31",
            "channel": 6,
            "essid": "POWERFLEX-DMZ",
            "noise": -97,
            "nss": 1,
            "rx_rate": 72200,
            "rssi": 37,
            "signal": -59,
            "tx_mcs": -1,
            "tx_power": 44,
            "tx_rate": 57800,
            "tx_retry_burst_count": 42,
            "uptime": 83726,
            "tx_bytes": 5628185,
            "rx_bytes": 4214327,
            "tx_packets": 54644,
            "rx_packets": 51117,
            "bytes-r": 113.151504884522,
            "tx_bytes-r": 66.94900897848551,
            "rx_bytes-r": 46.202495906036475,
            "tx_retries": 6503,
            "wifi_tx_attempts": 61174,
            "wifi_tx_dropped": 0,
            "wifi_tx_retries_percentage": 20.6
        },
        {
            "ap_mac": "d0:21:f9:f0:3c:f8",
            "oui": "Espressif Inc.",
            "last_ip": "172.22.1.34",
            "first_seen": 1723195444,
            "last_seen": 1741116394,
            "disconnect_timestamp": 1740585022,
            "last_uplink_mac": "d0:21:f9:f0:3c:f8",
            "mac": "e8:9f:6d:b2:7f:84",
            "hostname": "1111118114",
            "_uptime_by_uap": 1602650,
            "_last_seen_by_uap": 1741116394,
            "ip": "172.22.1.34",
            "channel": 6,
            "essid": "POWERFLEX-DMZ",
            "noise": -97,
            "nss": 1,
            "rx_rate": 52000,
            "rssi": 26,
            "signal": -70,
            "tx_mcs": -1,
            "tx_power": 44,
            "tx_rate": 43300,
            "tx_retry_burst_count": 37,
            "uptime": 1602651,
            "tx_bytes": 25187936,
            "rx_bytes": 18565484,
            "tx_packets": 240727,
            "rx_packets": 225385,
            "bytes-r": 100.57033146987408,
            "tx_bytes-r": 58.44485854650178,
            "rx_bytes-r": 42.12547292337229,
            "tx_retries": 146083,
            "wifi_tx_attempts": 386930,
            "wifi_tx_dropped": 0,
            "wifi_tx_retries_percentage": 29.5
        },
        {
            "ap_mac": "d0:21:f9:f0:3c:f8",
            "oui": "Espressif Inc.",
            "last_ip": "172.22.1.42",
            "first_seen": 1737063425,
            "last_seen": 1741116394,
            "disconnect_timestamp": 1740585022,
            "last_uplink_mac": "d0:21:f9:f0:3c:f8",
            "mac": "40:91:51:3a:df:e4",
            "hostname": "1111118044",
            "_uptime_by_uap": 1515665,
            "_last_seen_by_uap": 1741116394,
            "ip": "172.22.1.42",
            "channel": 6,
            "essid": "POWERFLEX-DMZ",
            "noise": -97,
            "nss": 1,
            "rx_rate": 58500,
            "rssi": 32,
            "signal": -64,
            "tx_mcs": -1,
            "tx_power": 44,
            "tx_rate": 1000,
            "tx_retry_burst_count": 1,
            "uptime": 1515665,
            "tx_bytes": 9120,
            "rx_bytes": 304280,
            "tx_packets": 58,
            "rx_packets": 6902,
            "bytes-r": 0.4743350838556666,
            "tx_bytes-r": 0.0,
            "rx_bytes-r": 0.4743350838556666,
            "tx_retries": 30,
            "wifi_tx_attempts": 204,
            "wifi_tx_dropped": 0,
            "wifi_tx_retries_percentage": 0.0
        },
        {
            "ap_mac": "d0:21:f9:f0:3c:f8",
            "oui": "Espressif Inc.",
            "last_ip": "172.22.1.41",
            "first_seen": 1723080740,
            "last_seen": 1741116394,
            "disconnect_timestamp": 1740948896,
            "last_uplink_mac": "d0:21:f9:f0:3c:f8",