{
    "site": "0021-03",
    "wireless_client_data": [
        {
            "ap_mac": "d0:21:f9:f0:3c:f8",
            "oui": "Espressif Inc.",
            "last_ip": "172.22.1.29",
            "first_seen": 1726860065,
            "last_seen": 1741129024,
            "disconnect_timestamp": 1741032651,
            "last_uplink_mac": "d0:21:f9:f0:3c:f8",
            "last_uplink_name": "WAP-Parking",
            "mac": "e8:9f:6d:6d:9d:04",
            "hostname": "1111118155",
            "_uptime_by_uap": 96355,
            "_last_seen_by_uap": 1741129024,
            "ip": "172.22.1.29",
            "channel": 6,
            "essid": "POWERFLEX-DMZ",
            "noise": -97,
            "nss": 1,
            "rx_rate": 72200,
            "rssi": 40,
            "signal": -56,
            "tx_mcs": -1,
            "tx_power": 44,
            "tx_rate": 72200,
            "tx_retry_burst_count": 8,
            "uptime": 96355,
            "tx_bytes": 6693301,
            "rx_bytes": 5090137,
            "tx_packets": 63683,
            "rx_packets": 59769,
            "bytes-r": 123.51896726931624,
            "tx_bytes-r": 71.34641369529531,
            "rx_bytes-r": 52.172553574020924,
            "tx_retries": 5395,
            "wifi_tx_attempts": 69102,
            "wifi_tx_dropped": 0,
            "wifi_tx_retries_percentage": 0.0
        },
        {
            "ap_mac": "d0:21:f9:f0:3c:f8",
            "oui": "Espressif Inc.",
            "last_ip": "172.22.1.18",
            "first_seen": 1722895642,
            "last_seen": 1741129024,
            "disconnect_timestamp": 1739949324,
            "last_uplink_mac": "d0:21:f9:f0:3c:f8",
            "last_uplink_name": "WAP-Parking",
            "mac": "8c:4b:14:34:d0:ec",
            "hostname": "1111118278",
            "_uptime_by_uap": 609,
            "_last_seen_by_uap": 1741129024,
            "ip": "172.22.1.18",
            "channel": 6,
            "essid": "POWERFLEX-DMZ",
            "noise": -97,
            "nss": 1,
            "rx_rate": 72200,
            "rssi": 35,
            "signal": -61,
            "tx_mcs": -1,
            "tx_power": 44,
            "tx_rate": 57800,
            "tx_retry_burst_count": 0,
            "uptime": 617,
            "tx_bytes": 40916,
            "rx_bytes": 31748,
            "tx_packets": 383,
            "rx_packets": 373,
            "bytes-r": 111.52553350679516,
            "tx_bytes-r": 64.40049581793208,
            "rx_bytes-r": 47.125037688863074,
            "tx_retries": 76,
            "wifi_tx_attempts": 468,
            "wifi_tx_dropped": 0,
            "wifi_tx_retries_percentage": 14.7
        },
        {
            "ap_mac": "d0:21:f9:f0:3c:f8",
            "oui": "Espressif Inc.",
            "last_ip": "172.22.1.40",
            "first_seen": 1722906305,
            "last_seen": 1741129024,
            "disconnect_timestamp": 1740585021,
            "last_uplink_mac": "d0:21:f9:f0:3c:f8",
            "last_uplink_name": "WAP-Parking",
            "mac": "e8:9f:6d:b0:59:20",
            "hostname": "1111117235",
            "_uptime_by_uap": 1236554,
            "_last_seen_by_uap": 1741129024,
            "ip": "172.22.1.40",
            "channel": 6,
            "essid": "POWERFLEX-DMZ",
            "noise": -97,
            "nss": 1,
            "rx_rate": 72200,
            "rssi": 44,
            "signal": -52,
            "tx_mcs": -1,
            "tx_power": 44,
            "tx_rate": 72200,
            "tx_retry_burst_count": 1485,
            "uptime": 1236554,
            "tx_bytes": 25625834,
            "rx_bytes": 18359907,
            "tx_packets": 247010,
            "rx_packets": 229883,
            "bytes-r": 100.69347508068208,
            "tx_bytes-r": 58.39261186612915,
            "rx_bytes-r": 42.300863214552926,
            "tx_retries": 19157,
            "wifi_tx_attempts": 266286,
            "wifi_tx_dropped": 0,
            "wifi_tx_retries_percentage": 7.3
        },
        {
            "ap_mac": "d0:21:f9:f0:3c:f8",
            "oui": "Espressif Inc.",
            "last_ip": "172.22.1.36",
            "first_seen": 1722895642,
            "last_seen": 1741129024,
            "disconnect_timestamp": 1740585022,
            "last_uplink_mac": "d0:21:f9:f0:3c:f8",
            "last_uplink_name": "WAP-Parking",
            "mac": "8c:4b:14:34:a6:80",
            "hostname": "1111118441",
            "_uptime_by_uap": 1753722,
            "_last_seen_by_uap": 1741129024,
            "ip": "172.22.1.36",
            "channel": 6,
            "essid": "POWERFLEX-DMZ",
            "noise": -97,
            "nss": 1,
            "rx_rate": 58500,
            "rssi": 30,
            "signal": -66,
            "tx_mcs": -1,
            "tx_power": 44,
            "tx_rate": 43300,
            "tx_retry_burst_count": 627,
            "uptime": 1753722,
            "tx_bytes": 25792772,
            "rx_bytes": 18859692,
            "tx_packets": 247489,
            "rx_packets": 231404,
            "bytes-r": 109.03527677584339,
            "tx_bytes-r": 62.40159019084523,
            "rx_bytes-r": 46.63368658499815,
            "tx_retries": 134168,
            "wifi_tx_attempts": 381773,
            "wifi_tx_dropped": 0,
            "wifi_tx_retries_percentage": 20.9
        },
        {
            "ap_mac": "d0:21:f9:f0:3c:f8",
            "oui": "Espressif Inc.",
            "last_ip": "172.22.1.31",
            "first_seen": 1724927681,
            "last_seen": 1741129024,
            "disconnect_timestamp": 1741032650,
            "last_uplink_mac": "d0:21:f9:f0:3c:f8",
            "last_uplink_name": "WAP-Parking",
            "mac": "34:94:54:19:b5:b8",
            "hostname": "1111118006",
            "_uptime_by_uap": 96357,
            "_last_seen_by_uap": 1741129024,
            "ip": "172.22.1.31",
            "channel": 6,
            "essid": "POWERFLEX-DMZ",
            "noise": -97,
            "nss": 1,
            "rx_rate": 72200,
            "rssi": 37,
            "signal": -59,
            "tx_mcs": -1,
            "tx_power": 44,
            "tx_rate": 65000,
            "tx_retry_burst_count": 48,
            "uptime": 96356,
            "tx_bytes": 6469813,
            "rx_bytes": 4844589,
            "tx_packets": 62823,
            "rx_packets": 58797,
            "bytes-r": 132.66479804352923,
            "tx_bytes-r": 76.94111603703,
            "rx_bytes-r": 55.72368200649923,
            "tx_retries": 7668,
            "wifi_tx_attempts": 70522,
            "wifi_tx_dropped": 0,
            "wifi_tx_retries_percentage": 20.4
        },
        {
            "ap_mac": "d0:21:f9:f0:3c:f8",
            "oui": "Espressif Inc.",
            "last_ip": "172.22.1.34",
            "first_seen": 1723195444,
            "last_seen": 1741129024,
            "disconnect_timestamp": 1740585022,
            "last_uplink_mac": "d0:21:f9:f0:3c:f8",
            "last_uplink_name": "WAP-Parking",
            "mac": "e8:9f:6d:b2:7f:84",
            "hostname": "1111118114",
            "_uptime_by_uap": 1615281,
            "_last_seen_by_uap": 1741129024,
            "ip": "172.22.1.34",
            "channel": 6,
            "essid": "POWERFLEX-DMZ",
            "noise": -97,
            "nss": 1,
            "rx_rate": 39000,
            "rssi": 25,
            "signal": -71,
            "tx_mcs": -1,
            "tx_power": 44,
            "tx_rate": 26000,
            "tx_retry_burst_count": 37,
            "uptime": 1615281,
            "tx_bytes": 25945756,
            "rx_bytes": 19102060,
            "tx_packets": 248005,
            "rx_packets": 232162,
            "bytes-r": 98.70573652413762,
            "tx_bytes-r": 57.78959005684038,
            "rx_bytes-r": 40.91614646729723,
            "tx_retries": 150522,
            "wifi_tx_attempts": 398648,
            "wifi_tx_dropped": 0,